{
    "rmse": 0.8021204277082532,
    "mae": 0.6451764001810997,
    "r2": 0.03560115803033559
}