{
    "rmse": 0.8018833889998735,
    "mae": 0.6441317748502721,
    "r2": 0.03617106267460524
}