{
    "rmse": 0.7952359142845372,
    "mae": 0.6370514592293848,
    "r2": 0.05208477780784171
}